<html>
	<body>
		<tabelas>
			<contato>contato</contato>
			<endereco>Endereco</endereco>			
			<pessoa>Pessoa</pessoa>
			<aluno>Aluno</aluno>
			<funcionario>Funcionario</funcionario>
			<turma>Turma</turma>
			<modalidade>Modalidade</modalidade>						
		</tabelas>

		<colunasAluno>
			<id>CPF</id>
			<altura>altura</altura>
			<peso>peso</peso>
		</colunasAluno>
		
		<colunasContato>
			<cpf>CPF</cpf>
			<fixo>fixo</fixo>
			<movel>movel</movel>
			<email>email</email>
		</colunasContato>
		
		<colunasFuncionario>
			<id>CPF</id>
			<escol>escolaridade</escol>
			<CTPS>CTPS</CTPS>
		</colunasFuncionario>
		
		<colunasModalidade>
			<semana>semana</semana>
			<idMod>idModalidade</idMod>
			<minimo>minimoParticipantes</minimo>
			<maximo>maximoParticipantes</maximo>	
		</colunasModalidade>

		<colunasTurma>
			<idTurma>idTurma</idTurma>
			<idMod>idModalidade</idMod>
			<inicio>horarioInicio</inicio>
			<duracaoMinutos>duracaoMinutos</duracaoMinutos>
		</colunasTurma>
		
		<colunasParticipantes>
			<idTurma>idTurma</idTurma>
			<idAluno>CPFAluno</idAluno>
			<idFuncionario>CPFFuncionario</idFuncionario>
		</colunasParticipantes>
		
		<colunasPessoa>
			<id>CPF</id>
			<nome>nome</nome>
			<eCivil>estadoCivil</eCivil>
			<sexo>sexo</sexo>
			<dataNasc>dataNascimento</dataNasc>
		</colunasPessoa>

		<comandos>		
			<insertPessoa>INSERT INTO pessoa(CPF, nome, estadoCivil, sexo, dataNascimento) VALUES(</insertPessoa>
 			<insertAluno>INSERT INTO aluno(CPF, altura, peso) VALUES(</insertAluno>
			<insertContato>insert into contato(CPF, fixo, movel, email) values(</insertContato>
			<insertFuncionario>INSERT INTO funcionario(CPF, escolaridade, CTPS) VALUES(</insertFuncionario>
	 		<selectAlunos>select * from aluno inner join pessoa on aluno.CPF = pessoa.cpf;</selectAlunos>
			<selectAluno>select * from aluno inner join pessoa on aluno.CPF = pessoa.cpf where aluno.CPF = ?;</selectAluno>
	 		<selectContato>select * from contato inner join pessoa on contato.CPF = pessoa.CPF where contato.CPF = ?;</selectContato>
			<selectContatos>select * from contato inner join pessoa on contato.CPF = pessoa.CPF;</selectContatos>
			<selectFuncionarios>select * from funcionario inner join pessoa on funcionario.CPF = pessoa.cpf;</selectFuncionarios>
			<selectFuncionario>select * from funcionario inner join pessoa on funcionario.CPF = pessoa.cpf where funcionario.CPF = ?;</selectFuncionario>
			<selectPartFunc>select * from participantes where participantes.idTurma = ? and participantes.CPFFuncionario is not null</selectPartFunc>
			<selectPartAlu>select * from participantes where participantes.idTurma = ? and participantes.CPFAluno is not null</selectPartAlu>
			<selectModalidade>SELECT * FROM modalidade WHERE idModalidade = '</selectModalidade>
			<selectTurmas>select * from turma inner join participantes on turma.idTurma = participantes.idTurma join modalidade on turma.idModalidade = modalidade.idModalidade</selectTurmas>
			<selectTurma>select * from turma inner join participantes on turma.idTurma = participantes.idTurma join modalidade on turma.idModalidade = modalidade.idModalidade where turma.idTurma = ?</selectTurma>
			<updateContato>update contato set</updateContato>
		</comandos>
		
		<sintaxe>
			<char>'</char>
			<varchar>'</varchar>
			<date>"yyyy-MM-dd"</date>
			<dateTime>"yyyy-MM-dd THH:mm"</dateTime>
			<comma>, </comma>
			<in>IN </in>
			<on>ON </on>
			<not>NOT </not>
			<and>AND </and>
			<null>NULL </null>
			<where> WHERE </where>
			<values>VALUES </values>
			<inner>INNER </inner>
			<left>LEFT </left>
			<right>RIGHT </right>
			<full>FULL </full>
			<self>SELF </self>
			<join>JOIN </join>
			<group>GROUP </group>
			<order>ORDER </order>
			<by>BY </by>
			<having>HAVING </having>
			<exists>EXISTS </exists>
			<any>ANY </any>
			<all>ALL </all>
			<case>CASE </case>	
			<from>FROM </from>
			<insert>INSERT </insert>
			<create>CREATE </create>
			<select>SELECT </select>
			<update>UPDATE </update>
			<delete>DELETE </delete>
			<into>INTO </into>
			<database>DATABASE </database>
			<set>SET </set>
			<equals>= </equals>
			<end>);</end>
			<close>;</close>
		</sintaxe>
		
	</body>
</html>